Rk,Player,First,Last,Games,Type
1,Kevin Love,2010-11-22,2011-03-11,53,rebounds
2,Kevin Garnett,2006-02-01,2006-11-06,37,rebounds
3,John Stockton,1989-02-27,1989-11-29,37,assists
4,Dwight Howard,2011-01-21,2011-04-01,33,rebounds
5,Charles Barkley,1986-12-10,1987-02-03,28,rebounds
6,Blake Griffin,2010-11-20,2011-01-17,27,rebounds
7,Hakeem Olajuwon,1991-03-14,1991-11-09,26,rebounds
8,John Stockton,1991-01-29,1991-03-23,25,assists
9,David Lee,2009-01-14,2009-03-04,24,rebounds
10,Russell Westbrook,2019-01-06,2019-02-28,23,rebounds
11,Charles Barkley,1987-02-16,1987-04-01,23,rebounds
12,Joel Embiid,2019-01-21,2019-10-28,22,rebounds
13,Kevin Willis,1992-01-24,1992-03-11,21,rebounds
14,Giannis Antetokounmpo,2020-01-16,2020-08-02,20,rebounds
15,Nikola JokiÄ‡,2020-12-23,2021-01-31,20,rebounds
16,Dwight Howard,2010-01-15,2010-02-26,20,rebounds
17,John Stockton,1991-04-02,1991-11-15,20,assists
18,Kevin Willis,1991-11-05,1991-12-10,19,rebounds
19,Andre Drummond,2019-01-25,2019-03-11,19,rebounds
20,Kevin Garnett,2003-02-16,2003-03-21,19,rebounds
21,Kevin Garnett,2004-01-19,2004-02-24,19,rebounds
22,Kevin Garnett,2004-12-10,2005-01-17,19,rebounds
23,Giannis Antetokounmpo,2019-10-24,2019-11-29,19,rebounds
24,Charles Barkley,1996-01-05,1996-02-25,19,rebounds
25,Michael Cage,1986-12-10,1987-01-16,19,rebounds
